,Date,cf_200,cf_2000
0,2018-01-01,0.9173734291314137,0.8272734123175707
1,2018-01-04,0.0,0.0
2,2018-01-06,0.6556832340306259,0.616682715942857
3,2018-01-11,0.5566523423914103,0.1962901326880218
4,2018-01-14,0.0,0.0
5,2018-01-19,0.9983472649611584,0.9959871294873919
6,2018-01-21,0.9472687608427485,0.9360641523639661
7,2018-01-24,0.9990767793905734,0.9993673702811336
8,2018-01-26,0.9998926234909997,0.9993874236934721
9,2018-01-31,0.9999119159104524,0.9999119159104524
10,2018-02-03,0.04529570078123845,0.01380144502291045
11,2018-02-08,0.9242871151187252,0.878127275372308
12,2018-02-10,0.9865361436141922,0.9751110082507382
13,2018-02-13,0.02919576986319795,0.00601872648305075
14,2018-02-15,0.9999017792154857,0.9999119159104524
15,2018-02-18,0.9983666581166539,0.9978325388772371
16,2018-02-20,0.0,0.0
17,2018-02-23,0.268217246653755,0.14759923723155638
18,2018-02-25,0.1077302568833001,0.07916942446365705
19,2018-02-28,0.036030883810959896,0.0128995114284978
20,2018-03-02,0.014852781983659434,0.0004372171668056333
21,2018-03-05,0.9991196922075204,0.9998990023121977
22,2018-03-07,0.9998909885401988,0.999373472113303
23,2018-03-10,0.22324751122862518,0.17147326942062865
24,2018-03-12,0.9981170225137275,0.9789050589935588
25,2018-03-15,0.9991582624976885,0.9999182965730562
26,2018-03-17,0.831793701531321,0.7347076095136026
27,2018-03-20,0.1429404577603844,0.07206003032440815
28,2018-03-22,0.0,0.0
29,2018-03-25,0.6683768991728658,0.45896272076246913
30,2018-03-27,0.9966501704540661,0.9914756234283959
31,2018-03-30,0.0248804837395056,0.005629934010548201
32,2018-04-01,0.9999119159104524,0.9999119159104524
33,2018-04-04,0.9773168158991765,0.938728238936981
34,2018-04-06,0.1470041056525547,0.0796073452702866
35,2018-04-09,0.9977888869769294,0.987010064540139
36,2018-04-11,0.9998017202264609,0.9978443571274311
37,2018-04-14,0.0,0.0
38,2018-04-16,0.02209352817013675,0.01263763476108385
39,2018-04-19,0.474596342725328,0.19719225012770436
40,2018-04-21,0.9726295778330665,0.9495441438474246
41,2018-04-24,0.011271499029392135,0.0
42,2018-04-26,0.999755544629557,0.9976303859287853
43,2018-04-29,0.8879799760085942,0.8310976992333294
44,2018-05-01,0.9998544746389749,0.9988553017060868
45,2018-05-04,0.9946233774072013,0.9955502308086539
46,2018-05-06,0.999863739360181,0.9993655153527379
47,2018-05-09,0.9971450185350939,0.9811458956223031
48,2018-05-11,0.0031678706946646497,0.0003615942745906541
49,2018-05-14,0.9947202265086708,0.972210740568425
50,2018-05-16,0.9231583675199816,0.8298463739570838
51,2018-05-19,0.64567039044926,0.2587288274297047
52,2018-05-21,0.9992601720930354,0.9961281602209936
53,2018-05-24,0.9988719949804715,0.9969156536130035
54,2018-05-26,0.9998171977607107,0.9979607656244667
55,2018-05-29,0.9982190275594243,0.9923211933928273
56,2018-05-31,0.750019409758101,0.7020333750675828
57,2018-06-03,0.6795173884571891,0.5759417387521094
58,2018-06-05,0.9998938224549204,0.9999119159104524
59,2018-06-08,0.9982390855883894,0.9906400437173783
60,2018-06-10,0.27090095558042643,0.17212517587034276
61,2018-06-13,0.20173182983673954,0.0879711574506272
62,2018-06-15,0.9999119159104524,0.9999119159104521
63,2018-06-18,0.3599570072903798,0.17845389503027712
64,2018-06-20,0.9999119159104524,0.9999119159104521
65,2018-06-23,0.9942155938061313,0.9727285531957691
66,2018-06-25,0.9802717808620608,0.8999646863936509
67,2018-06-28,0.7139509556676361,0.5591358744270093
68,2018-06-30,0.9999119159104524,0.9999119159104524
69,2018-07-03,0.9988011687102958,0.9937273797343908
70,2018-07-05,0.9998882636221968,0.9994049721654035
71,2018-07-08,0.9982088529122858,0.9899211319484256
72,2018-07-10,0.9999119159104521,0.9999119159104524
73,2018-07-13,0.9987532463282778,0.9926999710550204
74,2018-07-15,0.9999119159104524,0.9999119159104521
75,2018-07-18,0.998178017196405,0.9895631107122176
76,2018-07-20,0.9999119159104524,0.9999119159104524
77,2018-07-23,0.998739584112287,0.9930659725726947
78,2018-07-25,0.9761851630736316,0.9268621508917413
79,2018-07-28,0.9753023047414607,0.8572825011066111
80,2018-07-30,0.9999119159104524,0.9999119159104524
81,2018-08-02,0.9970980397304485,0.9751277395328812
82,2018-08-04,0.9999119159104524,0.9999119159104521
83,2018-08-07,0.9865616043100345,0.9126120559088747
84,2018-08-09,0.9908891603943464,0.9548332488333697
85,2018-08-12,0.9987799583062669,0.9945300468421863
86,2018-08-14,0.9999119159104521,0.9999119159104524
87,2018-08-17,0.9981267273874854,0.9888094491070787
88,2018-08-19,0.9999119159104524,0.9999119159104524
89,2018-08-22,0.9982248680209648,0.9884671484244052
90,2018-08-24,0.9999119159104524,0.9999119159104524
91,2018-08-27,0.9981133300872072,0.9888268083839307
92,2018-08-29,0.9964292313011223,0.9658585231735048
93,2018-09-01,0.9982549437553239,0.9888746906049501
94,2018-09-03,0.9999119159104524,0.9999119159104521
95,2018-09-06,0.9981658826030709,0.9908184457952076
96,2018-09-08,0.9999119159104524,0.9999119159104524
97,2018-09-11,0.9989288483289314,0.9977533344727798
98,2018-09-13,0.9999119159104524,0.9999119159104521
99,2018-09-18,0.7412372096463603,0.5571845406157133
100,2018-09-21,0.8620490389109599,0.7377860597734073
101,2018-09-23,0.9999119159104524,0.9999119159104524
102,2018-09-26,0.36398045360026005,0.21246836913403
103,2018-09-28,0.998110702528888,0.9942002362221968
104,2018-10-01,0.6190535266469243,0.480151845224975
105,2018-10-03,0.9999119159104524,0.9999119159104524
106,2018-10-06,0.502799717891607,0.2710302725098224
107,2018-10-08,0.9999119159104524,0.9999119159104524
108,2018-10-11,0.9989144126912681,0.9976305050722327
109,2018-10-13,0.99220082410445,0.939719408123528
110,2018-10-16,0.553854811757756,0.24741653806239444
111,2018-10-18,0.9995061268511862,0.996404446965259
112,2018-10-21,0.9989619728996109,0.9985796692408242
113,2018-10-23,0.9816656525212171,0.9573077344168592
114,2018-10-26,0.24729797955737137,0.13417355701023645
115,2018-10-28,0.9669213790395474,0.7533048656210204
116,2018-10-31,0.00139457841369905,0.0
117,2018-11-02,0.9998861926845155,0.999422956624215
118,2018-11-05,0.9983220047333576,0.9963411490990078
119,2018-11-07,0.9677607237416389,0.9494782774349868
120,2018-11-10,0.0071595576935013,0.0
121,2018-11-12,0.9068505095047441,0.8519998499791182
122,2018-11-15,0.9986871979718448,0.9962110915743096
123,2018-11-17,0.972715003575876,0.9259443948822363
124,2018-11-20,0.2037712884321293,0.13124152778949363
125,2018-11-22,0.02890468014313766,0.00025178840749696783
126,2018-11-25,0.9990970051998793,0.9975475234882515
127,2018-11-27,0.0,0.0
128,2018-12-02,0.9965716389657452,0.9843777411541397
129,2018-12-05,0.9986928891526254,0.995414549738872
130,2018-12-07,0.6323656075285736,0.569652670464587
131,2018-12-10,0.9673652595643754,0.9374955957435788
132,2018-12-12,0.0065565295572039,0.0040091664664408
133,2018-12-15,0.0,0.0
134,2018-12-17,0.005751141123272253,1.68581767582751e-05
135,2018-12-20,0.998873407344132,0.9966420356344285
136,2018-12-22,0.9856574103472294,0.9797567412552619
137,2018-12-25,0.08258886497133425,0.0413614514215502
138,2018-12-27,0.07840627882318625,0.0525797066227303
139,2018-12-30,0.0,0.0
140,2019-01-01,0.3074723126489307,0.2455354062056168
141,2019-01-04,0.0003116215459918171,0.0
142,2019-01-06,0.6496893104168041,0.5730995385536628
143,2019-01-09,0.0,0.0
144,2019-01-11,0.02156717492558165,0.0136359326347762
145,2019-01-14,0.6667739100026566,0.6292778826533625
146,2019-01-16,0.16551739158671705,0.1102445985479164
147,2019-01-19,0.0032366249613519985,0.0
148,2019-01-21,0.0,0.0
149,2019-01-24,0.9983962322322931,0.9921808686821485
150,2019-01-26,0.9999119159104524,0.9999119159104521
151,2019-01-31,0.0,0.0
152,2019-02-03,0.9987091683492033,0.9950721172733469
153,2019-02-05,0.9955154645651705,0.9912507388502048
154,2019-02-08,0.2965433443265021,0.2775543495767947
155,2019-02-10,0.08601705647082471,0.0512211540661174
156,2019-02-13,0.0,0.0
157,2019-02-15,0.5105122032803063,0.28099738735337465
158,2019-02-18,0.0584460821985572,0.0050667164270262
159,2019-02-20,0.26043604281622795,0.1257058241254671
160,2019-02-23,0.99631536854098,0.9782813658849544
161,2019-02-25,0.33399264114490185,0.17710395293807715
162,2019-02-28,0.12770006196117886,0.0848538591562064
163,2019-03-02,0.0025371609601380304,4.178934247510624e-05
164,2019-03-05,0.2652280811673242,0.17959742844437807
165,2019-03-07,0.9998195956885525,0.9982377262901663
166,2019-03-10,0.9990533117036453,0.9971714050656033
167,2019-03-12,0.9947893838075901,0.9807875602421717
168,2019-03-15,0.9969533232622854,0.9836498002831819
169,2019-03-17,0.9963184186755476,0.9630230332474436
170,2019-03-20,0.8259472263974124,0.6793680339154474
171,2019-03-22,0.0009504513990165,0.0
172,2019-03-25,0.4769615098873575,0.33409405906630985
173,2019-03-27,0.0,0.0
174,2019-03-30,0.8845884244308664,0.7341708423342316
175,2019-04-01,0.48226231503700767,0.3428732866400937
176,2019-04-04,0.9618036252879567,0.8958336919516335
177,2019-04-06,0.9986122079290711,0.993072811024483
178,2019-04-09,0.056315960373711754,0.011430818814150666
179,2019-04-11,0.716308489295906,0.41286831551287195
180,2019-04-14,0.9419970726797863,0.8879466410345392
181,2019-04-16,0.0,0.0
182,2019-04-19,0.1556153586522582,0.0703677144875555
183,2019-04-21,0.0,0.0
184,2019-04-24,0.17444617781638294,0.0482717474217459
185,2019-04-26,0.8269482221091404,0.48686636322052607
186,2019-04-29,0.9666968854500326,0.8503754811963484
187,2019-05-01,0.8799807968372162,0.7139654327362202
188,2019-05-04,0.8556580977858839,0.7499487104181073
189,2019-05-06,0.9951024356373327,0.988584976760705
190,2019-05-09,0.9921011137431137,0.9752472993397776
191,2019-05-11,0.9993147029778726,0.9964036830351717
192,2019-05-14,0.9979175076473673,0.9867939111096794
193,2019-05-16,0.7827338028382934,0.5449592012287783
194,2019-05-19,0.4663672878154117,0.2361469438463196
195,2019-05-21,0.9473084798466421,0.9122441803779335
196,2019-05-24,0.6024227461283936,0.3915978170222527
197,2019-05-26,0.8416845832044999,0.7675587731427176
198,2019-05-29,0.0,0.0
199,2019-05-31,0.13066009418864175,0.04347238395145775
200,2019-06-03,0.9049816265927708,0.7761771488859319
201,2019-06-05,0.32367849622090183,0.1968274536310421
202,2019-06-08,0.9982963756204396,0.9911194941020935
203,2019-06-10,0.4709231312663007,0.09617084817948794
204,2019-06-13,0.8375837787520131,0.5263479824596894
205,2019-06-15,0.9998868466648361,0.9993512367824087
206,2019-06-18,0.912590778581224,0.8485123710127223
207,2019-06-20,0.9700688887376246,0.928545905848662
208,2019-06-23,0.9981467163730802,0.988614921294567
209,2019-06-25,0.9225192900176822,0.8296148913957273
210,2019-06-28,0.10615921050044744,0.05638336986010895
211,2019-06-30,0.9809236678616848,0.9384767231898887
212,2019-07-03,0.9976100502975815,0.9820765273770208
213,2019-07-05,0.2778861837310419,0.14654891396100392
214,2019-07-08,0.6474731897117676,0.5668856626924497
215,2019-07-10,0.9999014717154302,0.9999119159104524
216,2019-07-13,0.9951207837545994,0.9778650573025066
217,2019-07-15,0.9999119159104524,0.9999119159104524
218,2019-07-18,0.9982105214681554,0.9897949932220452
219,2019-07-20,0.9961761872455102,0.9836609534228442
220,2019-07-23,0.9981676473493972,0.9889769894904921
221,2019-07-25,0.9999119159104524,0.9999119159104521
222,2019-07-28,0.0,0.0
223,2019-07-30,0.9967221024085366,0.9708678121550458
224,2019-08-02,0.9893092217918564,0.971464895739105
225,2019-08-04,0.9999119159104521,0.9999119159104524
226,2019-08-07,0.9981258746689339,0.98911937512975
227,2019-08-09,0.9999119159104524,0.9999119159104521
228,2019-08-12,0.9982000235270597,0.9897831267686352
229,2019-08-14,0.4639685576458693,0.24749712468715335
230,2019-08-17,0.9946794789929825,0.9578311527203174
231,2019-08-19,0.9999119159104521,0.9999119159104521
232,2019-08-22,0.9500656699531052,0.8574039494889536
233,2019-08-24,0.9999119159104524,0.9999119159104524
234,2019-08-27,0.5100422365460451,0.22925006651267604
235,2019-08-29,0.998895840855943,0.9939511160953742
236,2019-09-01,0.9983166059773791,0.9912489919968785
237,2019-09-03,0.9297123971986396,0.8482353337071453
238,2019-09-06,0.9839657963558659,0.8744559084091454
239,2019-09-08,0.2969102551000429,0.2015721647961548
240,2019-09-11,0.9982232256839823,0.9897126076743163
241,2019-09-13,0.7937696826472802,0.6039453505756455
242,2019-09-16,0.9983104512572096,0.9906604858456145
243,2019-09-18,0.9999119159104524,0.9999119159104524
244,2019-09-21,0.9983285678470166,0.9905372982020242
245,2019-09-23,0.9999119159104524,0.9999119159104524
246,2019-09-26,0.9983394999483712,0.9907881024272718
247,2019-09-28,0.9865594123668487,0.9362650944551991
248,2019-10-01,0.9983307599939293,0.9912944895483723
249,2019-10-03,0.612226616579726,0.43579654507314525
250,2019-10-06,0.9938684561057437,0.9710930373855508
251,2019-10-08,0.9999119159104521,0.9999119159104524
252,2019-10-11,0.9983963057509928,0.9918323358838572
253,2019-10-13,0.9092252665026015,0.7589048851126465
254,2019-10-16,0.9985423585082628,0.9947405525493508
255,2019-10-18,0.9999119159104521,0.9999119159104524
256,2019-10-21,0.9040387191243765,0.772819707453053
257,2019-10-23,0.9999119159104524,0.9999119159104521
258,2019-10-26,0.9791964509719318,0.9502382337547813
259,2019-10-28,0.9999119159104521,0.9999119159104524
260,2019-10-31,0.9966447469245558,0.9699605030678963
261,2019-11-02,0.44005010183956417,0.3902953175120056
262,2019-11-05,0.9982232404951354,0.9908061464068199
263,2019-11-07,0.9999119159104524,0.9999119159104524
264,2019-11-10,0.3985618643395237,0.2524459559590826
265,2019-11-12,0.9999119159104524,0.9999119159104524
266,2019-11-15,0.9299119467783741,0.7381030111711074
267,2019-11-17,0.9995295554164443,0.9952840241729706
268,2019-11-20,0.5500483728887773,0.4326203227493037
269,2019-11-22,0.9998995992810843,0.9994516227615937
270,2019-11-25,0.9985328806390792,0.9938141032403718
271,2019-11-27,0.9998981823237234,0.9994235016078155
272,2019-11-30,0.9986480119647494,0.9939885969591626
273,2019-12-02,0.9999119159104524,0.9999119159104524
274,2019-12-05,0.0131856970746734,0.0070528048163756
275,2019-12-07,0.9505997997782698,0.9391737834540987
276,2019-12-10,0.0,0.0
277,2019-12-12,0.0,0.0
278,2019-12-15,0.21087805130043855,0.078569600057951
279,2019-12-17,0.9419818685281764,0.9294337722281194
280,2019-12-20,0.27683127149310466,0.2012001019309636
281,2019-12-22,0.31380758800506997,0.23980578465939195
282,2019-12-25,0.9990581217355932,0.9974782358506822
283,2019-12-27,0.9692384767416683,0.9281725264722536
284,2019-12-30,0.17178529064287407,0.12182180260783515
285,2020-01-01,0.24434899555834044,0.1574169085784565
286,2020-01-04,0.0010457962849705965,0.0
287,2020-01-06,0.12588797979183713,0.0472226909938148
288,2020-01-09,0.9988386758349396,0.9950927322315577
289,2020-01-11,0.0,0.0
290,2020-01-14,0.05396878846086905,0.0289325435927454
291,2020-01-16,0.26009430932188665,0.1793480332126966
292,2020-01-19,0.00011071379235376948,0.0
293,2020-01-21,0.0440476294549582,0.01663713240247055
294,2020-01-24,0.6773393387695374,0.5533766823166568
295,2020-01-26,0.041429516784138566,0.01868086193785555
296,2020-01-29,0.9843928685397167,0.9305472163164623
297,2020-01-31,0.9846624269611697,0.9735604376361306
298,2020-02-03,0.0,0.0
299,2020-02-05,0.3257720673814209,0.16726093445532703
300,2020-02-08,0.9991306014073269,0.9985338038636928
301,2020-02-10,0.4023818227833227,0.26491560949184595
302,2020-02-13,0.9785756697375125,0.9380588525072464
303,2020-02-15,0.0,0.0
304,2020-02-18,0.9588059853743497,0.8411514526311676
305,2020-02-20,0.7595505694403144,0.626086754615828
306,2020-02-23,0.8132192759872634,0.6303146287037875
307,2020-02-25,0.7502501976916792,0.42792085488869064
308,2020-02-28,0.9990475134437102,0.9974546456056408
309,2020-03-01,0.48801911363162,0.23594159425815658
310,2020-03-04,0.99918345225372,0.9988851713919172
311,2020-03-06,0.16378574807791005,0.10124264960318559
312,2020-03-09,0.9988117616938557,0.996501880426237
313,2020-03-11,0.999836054193283,0.9990812519067934
314,2020-03-14,0.9987963631798931,0.9961946290619408
315,2020-03-16,0.9999119159104524,0.9999119159104524
316,2020-03-19,0.9985751668770995,0.9943311802945474
317,2020-03-21,0.0,0.0
318,2020-03-24,0.9984628366096076,0.992205523105357
319,2020-03-26,0.9990780359961486,0.9952431369550396
320,2020-03-29,0.9985311383258473,0.9926830692657345
321,2020-03-31,0.6607406800930988,0.4977786407608985
322,2020-04-03,0.1507166453172456,0.06613306288992239
323,2020-04-05,0.9991198136640402,0.9964117756209879
324,2020-04-08,0.116842265373564,0.0384808290007564
325,2020-04-10,0.9999119159104521,0.9999119159104521
326,2020-04-13,0.8201190301838132,0.7342287341201998
327,2020-04-15,0.9999119159104524,0.9999119159104524
328,2020-04-18,0.9983141158373516,0.9900655929755655
329,2020-04-20,0.9990319041294244,0.993797477935543
330,2020-04-23,0.7745518890040831,0.6778523341975227
331,2020-04-25,0.651847772041604,0.5037851681260355
332,2020-04-28,0.28360612165610144,0.02459729622746685
333,2020-04-30,0.9999119159104524,0.9999119159104524
334,2020-05-03,0.9982761566408915,0.988823916715134
335,2020-05-05,0.8878721589387328,0.8218724579346368
336,2020-05-08,0.8660647328788599,0.6954283454310157
337,2020-05-10,0.9999049401203678,0.9999119159104524
338,2020-05-13,0.2628795558805754,0.04320541414687665
339,2020-05-15,0.4995891578026522,0.3093176225597474
340,2020-05-18,0.08158353814636246,0.0033811234846245998
341,2020-05-20,0.12837450166812,0.0011671253158542806
342,2020-05-23,0.99813485774716,0.987675503032829
343,2020-05-25,0.9998707151502654,0.9992975013994136
344,2020-05-28,0.9978997416827138,0.9845203443982042
345,2020-05-30,0.9998471718587303,0.9991755340696546
346,2020-06-02,0.9980889075485047,0.9874367483369195
347,2020-06-04,0.7474932627541657,0.5836289249669288
348,2020-06-07,0.0,0.0
349,2020-06-09,0.9986274830023937,0.983775187913486
350,2020-06-12,0.9982416401860301,0.9897791672096781
351,2020-06-14,0.8272436880783853,0.5373719723560476
352,2020-06-17,0.9981285749305615,0.9884852379431074
353,2020-06-19,0.9998898985729979,0.9999119159104524
354,2020-06-22,0.9554302816710707,0.9034281600519196
355,2020-06-24,0.9999119159104524,0.9999119159104524
356,2020-06-27,0.9981325303223647,0.9877439463269172
357,2020-06-29,0.5460546556440871,0.44538518147136996
358,2020-07-02,0.998258628724161,0.9889640564870861
359,2020-07-04,0.9999119159104524,0.9999119159104524
360,2020-07-07,0.9982234944480057,0.988797942804462
361,2020-07-09,0.9999119159104524,0.9999119159104524
362,2020-07-12,0.950058485455805,0.8320088138234887
363,2020-07-14,0.9999119159104521,0.9999119159104521
364,2020-07-17,0.9718782776719954,0.8455365026917594
365,2020-07-19,0.9999119159104521,0.9999119159104524
366,2020-07-22,0.9236474515262738,0.8408284055251349
367,2020-07-24,0.9992472008944594,0.9954720516597474
368,2020-07-27,0.9780879798687971,0.8679819114159368
369,2020-07-29,0.9999119159104524,0.9999119159104524
370,2020-08-01,0.9123394876739777,0.7456218232292368
371,2020-08-03,0.9989881128086315,0.9946000674516742
372,2020-08-06,0.6606076729482779,0.5554934207424618
373,2020-08-08,0.5633397105477885,0.22236748153822566
374,2020-08-11,0.998234569438588,0.9892511035271441
375,2020-08-13,0.9999119159104521,0.9999119159104521
376,2020-08-16,0.983934304636112,0.9330145111151995
377,2020-08-18,0.9999119159104524,0.9999119159104521
378,2020-08-21,0.9983614793064525,0.9908215493075326
379,2020-08-23,0.5955853776967708,0.3789514642356917
380,2020-08-26,0.9830963657510072,0.9235177169111607
381,2020-08-28,0.9999119159104521,0.9999119159104524
382,2020-08-31,0.8625809125731141,0.6850120537573778
383,2020-09-02,0.5106283469516399,0.3908227577201102
384,2020-09-05,0.8770348937533667,0.7943268586067662
385,2020-09-07,0.9998970923565227,0.9999119159104524
386,2020-09-10,0.7595032952546199,0.6609630605906558
387,2020-09-12,0.9999119159104521,0.9999119159104521
388,2020-09-15,0.9982524245501472,0.9902253825180372
389,2020-09-17,0.9922223396808871,0.9225638609821636
390,2020-09-20,0.9981629581661905,0.9882589684703599
391,2020-09-22,0.9999119159104521,0.9999119159104524
392,2020-09-25,0.9981242828011481,0.988170594369582
393,2020-09-27,0.9999119159104524,0.9999119159104524
394,2020-09-30,0.9580192847578706,0.9157327978422611
395,2020-10-02,0.9905485047861657,0.9804989779649512
396,2020-10-05,0.9775377475265581,0.9047774247742679
397,2020-10-07,0.9999119159104521,0.9999119159104524
398,2020-10-10,0.9984565273527752,0.993883081725217
399,2020-10-12,0.9999119159104524,0.9999119159104524
400,2020-10-15,0.9983039294470029,0.9929410823562255
401,2020-10-17,0.9999119159104524,0.9999119159104524
402,2020-10-20,0.9985318089785253,0.9949236492479786
403,2020-10-22,0.29718876223091584,0.23341476927612376
404,2020-10-25,0.7641646426486686,0.6325546731666867
405,2020-10-27,0.9657456723415068,0.8973362169652035
406,2020-10-30,0.9984177713961946,0.9931887259388039
407,2020-11-01,0.9977427692146228,0.977188484987913
408,2020-11-04,0.9987195729667784,0.9953480354951432
409,2020-11-06,0.9315395002450249,0.7591049373012464
410,2020-11-09,0.9035840498854648,0.8753873688243803
411,2020-11-11,0.24698063026058853,0.1430767346916944
412,2020-11-14,0.5424482499297748,0.46664856624527523
413,2020-11-16,0.9999119159104524,0.9999119159104524
414,2020-11-19,0.9991188002325474,0.9975372477729413
415,2020-11-21,0.9996850986702155,0.9985165698723928
416,2020-11-24,0.3150016018561169,0.24538368728615934
417,2020-11-26,0.031225210136161384,0.00518365227366085
418,2020-11-29,0.6854783938200575,0.45443026230108186
419,2020-12-01,0.6470541083629842,0.4939688582862622
420,2020-12-04,0.9987508716371191,0.9950337120923499
421,2020-12-06,0.9998677722388235,0.9992520497671443
422,2020-12-09,0.8155792143728247,0.7513949584381976
423,2020-12-11,0.9989497202217077,0.9946045018603717
424,2020-12-14,0.9991005477492038,0.9980846147752152
425,2020-12-16,0.947079311438102,0.8938005364447206
426,2020-12-19,0.0,0.0
427,2020-12-21,0.0,0.0
428,2020-12-24,0.03125650078058365,0.0185741755590039
429,2020-12-26,0.3620134191946516,0.2876401686743107
430,2020-12-29,0.9841553699230183,0.9440887244065495
431,2020-12-31,0.0119267664437055,0.0077979553716062
432,2021-01-03,0.999022358698286,0.9969237537470127
433,2021-01-05,0.9956734617598969,0.977634294288641
434,2021-01-08,0.9992121607752285,0.9974233220182687
435,2021-01-10,0.9999119159104524,0.9999119159104524
436,2021-01-13,0.5064184072983673,0.38108866315627576
437,2021-01-15,0.9325043538233575,0.7830815090038961
438,2021-01-18,0.9221662626630871,0.8806989067870923
439,2021-01-20,0.0,0.0
440,2021-01-23,0.02253868864784065,0.00392060806309945
441,2021-01-25,0.6267269040115836,0.5733805808057238
442,2021-01-28,0.9981894107909342,0.988655586139781
443,2021-01-30,0.0381223673726317,0.01794897562655475
444,2021-02-02,0.9989019453083063,0.9953415002902926
445,2021-02-04,0.9999065750711686,0.9999119159104521
446,2021-02-07,0.34481806910116414,0.27781471351502
447,2021-02-09,0.20338654989194,0.1627278321038796
448,2021-02-12,0.00016355654740056672,0.0
449,2021-02-14,0.967586143706082,0.8825322145138694
450,2021-02-17,0.9956016954028823,0.9962962781164006
451,2021-02-19,0.0039582499945669,0.00094218679403305
452,2021-02-22,0.9993167996173358,0.9976815682870054
453,2021-02-24,0.6531100197048305,0.3818074860218006
454,2021-02-27,0.0,0.0
455,2021-03-01,0.9998994902843641,0.9994516227615937
456,2021-03-04,0.0,0.0
457,2021-03-06,0.35455443313519874,0.331538593658377
458,2021-03-09,0.9429937454942711,0.8906050673821515
459,2021-03-11,0.9997106720563746,0.9981637241238651
460,2021-03-14,0.9979875818805846,0.9846000235507706
461,2021-03-16,0.9990417224296477,0.9951902651943656
462,2021-03-19,0.5329936288572774,0.37471274402738014
463,2021-03-21,0.8929281130919225,0.7217578089612753
464,2021-03-24,0.6593979568632624,0.4623349890295763
465,2021-03-26,0.9996947998879517,0.9971338410234184
466,2021-03-29,0.1993420545236222,0.0043258758237831995
467,2021-03-31,0.3772929468209948,0.0242736130715625
468,2021-04-03,0.0,0.0
469,2021-04-05,0.989173843959168,0.966946483707942
470,2021-04-08,0.9076950550704168,0.8621174603392847
471,2021-04-10,0.9998928414844399,0.9999119159104524
472,2021-04-13,0.9974907292570445,0.9824406480419712
473,2021-04-15,0.9999119159104521,0.9999119159104524
474,2021-04-18,0.7735387479023048,0.6486726665072113
475,2021-04-20,0.4720056584966913,0.3943982631285097
476,2021-04-23,0.7762283354347528,0.6529622155387282
477,2021-04-25,0.9999119159104521,0.9999119159104524
478,2021-04-28,0.9982188522763358,0.9893880165999661
479,2021-04-30,0.9147307453841903,0.8410159038622678
480,2021-05-03,0.9969309532402686,0.9820098397674801
481,2021-05-05,0.3675283376156508,0.2293382387543046
482,2021-05-08,0.9977648704767672,0.985382325599135
483,2021-05-10,0.9507206031832792,0.9348519673297204
484,2021-05-13,0.9982332513079744,0.9893631067859633
485,2021-05-15,0.9999119159104524,0.9999119159104524
486,2021-05-18,0.9981747298371634,0.9892533097091059
487,2021-05-20,0.9999119159104521,0.9999119159104521
488,2021-05-23,0.9981633139143105,0.9887455156260112
489,2021-05-25,0.8915014838796235,0.8714452222816588
490,2021-05-28,0.5112971169729936,0.38015366045173504
491,2021-05-30,0.9993832318203622,0.995470464997409
492,2021-06-02,0.9972934115720025,0.9835401916805107
493,2021-06-04,0.9999119159104524,0.9999119159104524
494,2021-06-07,0.9981149517274062,0.987920614617573
495,2021-06-09,0.7756433991878369,0.6396656407247784
496,2021-06-12,0.8967875220406011,0.7035385611685514
497,2021-06-14,0.9999119159104521,0.9999119159104524
498,2021-06-17,0.9980968377945626,0.9878742617350529
499,2021-06-19,0.9999119159104524,0.9999119159104521
500,2021-06-22,0.9863967580674615,0.9710245477341989
501,2021-06-24,0.994765774601672,0.9765923564905584
502,2021-06-27,0.9979254267161032,0.9861054174153452
503,2021-06-29,0.47489859167150755,0.19792830688676966
504,2021-07-02,0.9688391135793092,0.9340478808472541
505,2021-07-04,0.38201773868879585,0.251235237174366
506,2021-07-07,0.9290623571025892,0.8661584523131631
507,2021-07-09,0.9999119159104521,0.9999119159104524
508,2021-07-12,0.5033082974851072,0.17867771902592022
509,2021-07-14,0.9999119159104521,0.9999119159104524
510,2021-07-17,0.5163684205064978,0.10051880624648314
511,2021-07-19,0.9912745225392967,0.963294104339727
512,2021-07-22,0.9981352739505065,0.9884364574923722
513,2021-07-24,0.9999119159104524,0.9999119159104524
514,2021-07-27,0.998153688759991,0.989715633107341
515,2021-07-29,0.139063078888238,0.048911585601847496
516,2021-08-01,0.9981456343814306,0.9883977264854693
517,2021-08-03,0.7577391190241707,0.6098122386843539
518,2021-08-06,0.9165208201863075,0.6618405567116639
519,2021-08-08,0.9999119159104521,0.9999119159104521
520,2021-08-11,0.9981255853590716,0.9881558718534624
521,2021-08-13,0.9999119159104524,0.9999119159104524
522,2021-08-16,0.9981852152529669,0.989082367665998
523,2021-08-18,0.9999119159104524,0.9999119159104521
524,2021-08-21,0.9980602723130676,0.9875440655471053
525,2021-08-23,0.9882261762574359,0.9474245938189777
526,2021-08-26,0.9981901142061388,0.9886550450988156
527,2021-08-28,0.9999119159104524,0.9999119159104521
528,2021-08-31,0.9982058023232447,0.9889071690213548
529,2021-09-02,0.9999119159104524,0.9999119159104521
530,2021-09-05,0.9974755583675563,0.9830291744542048
531,2021-09-07,0.9999119159104521,0.9999119159104524
532,2021-09-10,0.9981896545823673,0.9885846113041168
533,2021-09-12,0.9999119159104521,0.9999119159104521
534,2021-09-15,0.9981874643902251,0.9887078471404276
535,2021-09-17,0.9999119159104524,0.9999119159104524
536,2021-09-20,0.9982255360248646,0.990055828485738
537,2021-09-22,0.9999119159104521,0.9999119159104521
538,2021-09-25,0.9981685052079465,0.9885951635045103
539,2021-09-27,0.9999119159104524,0.9999119159104524
540,2021-09-30,0.598287581902274,0.3940766498768077
541,2021-10-02,0.9999119159104524,0.9999119159104521
542,2021-10-05,0.6553062475803374,0.5766977631908472
543,2021-10-07,0.5158639156203411,0.5006822797246382
544,2021-10-10,0.9985894731264975,0.9935761915355066
545,2021-10-12,0.9999119159104524,0.9999119159104524
546,2021-10-15,0.9985066612851444,0.992803224935042
547,2021-10-17,0.9999119159104524,0.9999119159104521
548,2021-10-20,0.3873465209207012,0.31226834948299204
549,2021-10-22,0.014364614927976914,0.00404057338361475
550,2021-10-25,0.9985449782885323,0.9930824983971881
551,2021-10-27,0.03625398783690935,0.0276278179977085
552,2021-10-30,0.9924786486759651,0.9846905191808635
553,2021-11-01,0.9999119159104524,0.9999119159104521
554,2021-11-04,0.9985688409169314,0.9925823659809672
555,2021-11-06,0.9999119159104524,0.9999119159104524
556,2021-11-11,0.9588248321996542,0.9367758391112815
557,2021-11-14,0.0,0.0
558,2021-11-16,0.00373821733701485,0.0007252641753504
559,2021-11-19,0.9986870162011656,0.9936726528096889
560,2021-11-21,0.9872270040196165,0.9622872122440508
561,2021-11-24,0.9985428348153851,0.9939301479029755
562,2021-11-26,0.9999119159104524,0.9999119159104524
563,2021-11-29,0.9477631127589835,0.8376414383795072
564,2021-12-01,0.6040789843999999,0.49939936348450553
565,2021-12-04,0.0,0.0
566,2021-12-06,0.5132010827681254,0.3715509230827674
567,2021-12-09,0.9983938225845609,0.9895755021678139
568,2021-12-11,0.0,0.0
569,2021-12-16,0.03595028840116275,0.0030929640186796213
570,2021-12-19,0.41275472667026214,0.3301538833783639
571,2021-12-21,0.9007032295451757,0.7678264866961473
572,2021-12-24,0.0,0.0
573,2021-12-26,0.9997681042108464,0.9987197938193685
574,2021-12-29,0.9240896121229571,0.8817106204463026
575,2021-12-31,0.9999049038280599,0.9998186804423244
